id,biz-name,biz-contact,biz-phone,category ,sub-category ,location-post-code ,main-office-address ,email ,operating-hours ,abn,license-number ,services-provided ,Recommendation 
1,Hoppy's Plumbing,Hoppy,61468461589,Plumber,,2328,Strathfield NSW 2328,hello@hoppysplumbing.com,24 hours ,50907943117,326759C,Leak investigation; pumps installation and repair; water lines; dripping taps; burst and leaking pipe repairs; basement waterproofing; hot water tank replacement; leaking toliets; clearing blocked drians ,
2,Proud Plumbing,,61431080798,Plumber,,2211,Padstow NSW 2211,proudplumbing.au@gmail.com,24 hours ,97188954582,334045C,Blockages; gas; general maintenance renovations;; hot water service ,
3,Super Acts Plumbing Solutions,,61415211583,Plumbers ,,2148,40 Lancelot St Blacktown NSW 2148,,,19153072187,341659C,Grey Water systems; Blocked drains; new drains; drain repairs; general maintenance; grease traps; rain water tank installation; home renovations; hot water unit repairs; hot water unit installation; new homes; toilet installation; toilet repairs; backflow systems; solar hot water; plumbing installation,
4,Insight Plumbing Group Pty Ltd,,1300467448,Plumbers ,,2251,Saratoga NSW 2251,info@insightplumbinggroup.com.au,24 hours ,86 635 766 371,,Commercial plumbing; sewer repair and cleaning; toilet repair; tap repair; gas plumbing; blocked drain; hot water repairs,
5,AJM Plumbing Solutions,,483958132,Plumbers ,,2155,Rouse Hill NSW 2155,,24 hours ,59 654 504 784,,Blocked Drains; Burst pipes; Gas fitting; Hot water unit repairs/replacements; Ducted heater repairs/replacement; Leak detection; Leaking taps; Toilet repairs/installation; Roof plumbing ,
6,RGB Plumbing Services,,410943582,Plumbers ,,2763,NSW 2763,,24 hours ,35 106 182 013,,Tap installation; Tap repair; Plumbing leak detection; Plumbing pipe repair; Shower installation; Toilet installation; Toilet repair; Water heater installation; Plumbing leak repair; Leaking Taps,
7,Straight A Plumbing,,406604450,Plumbers ,,2155,Kellyville NSW 2155,andrew@straightaplumbing.com.au,24 hours ,63 837 859 545,,Drain cleaning; Tap installation; Tap repair; Waster disposal instllation; Waste disposal repair; Outdoor plumbing system repair; Plumbing leak detection; Sewer repair; Plumbing pipe repair; Shower installation; Shower repair; Toilet installation; Toilet repair; Water heater installation; Water heater repair; 24/7 Emergency Plumbing Service; Burst/Leaking Pipes; Emergency Repairs; GAS instal; Gas Fitting Installation;,
8,Service Today Plumber the Ponds,,488814204,Plumbers ,,2212,Ponds NSW 2212,info@servicetoday.com.au ,24 hours ,87 168 659 247,,General Plumbing; Hot Water; Blocked Drains; Leak detection; Gas Plumbing; Water filters; Emergency plumber,
9,All Plumbing Works,,435723389,Plumbers ,,2765,Riverstone NSW 2765,,24 hours ,53 626 910 487,257314C,Plumbing Services; Drainage; Gasfitting; Hot Water Systems Installation; Excavation; and fixes for all other types of plumbing problems,
10,Plumbers Direct NSW,,1300877448,Plumbers ,,2155,184 Windsor road Kellyville NSW 2155,,24 hours ,67 139 962 413, 224298C,Blocked drains; Toilet repais; Sewerage; Drain Inspections; Tap Repairs; Hot Water; Plumbing,
11,BDS Plumbing,,432299292,Plumbers ,,2200,Northam Avenue Bankstown NSW 2200,info@bdsplumbing.com.au ,24 hours ,28 146 857 012,,High-Pressure Water Jetter; Camera Inspections Service; Sewer Cleaning; Repair & Replacement; Drainage Repair & Replacement; Burst Water Pipes; Leaking Taps/Toilets; Water Heater Repairs & Replacements; All Maintenance Plumbing; Commercial Plumbing; Real Estate Service; Excavating; Bathroom & Kitchen Renovations; Sewer Pump Repairs; Stormwater Pump Repairs,
12,Rainman Plumbing,,1300415161,Plumbers ,,2200,Sydney NSW 2200,,24 hours ,77 620 174 101,203244C,Blocked drains; Backflow Prevention; Sewer Pipe Upgrades; Gas installations; Hot water systems; Leaking Tap; Tap &Toilet Repair; Thermostatic Mixing Values,
13,Supaman Plumbing Services,,455301415,Plumbers ,,2200,52/7-9 Cross st Bankstown NSW 2200,info@supamanplumbing.com.au,24 hours ,48 606 862 533,,Drain Cleaning; Plumbing repairs; Plumbing installations and upgrades; Sinks; drains and faucets; Water filter installations; Bathtubs and showers; Water line repair and replacement; Toilets; Water Heater Installation; repair & replacement; Well Pumps; Whirlpool Tub Repairs; Garbage Disposals; Leak Detection and Repair; v,
14,Steadfast Plumbing Services,,451800644,Plumbers ,,2200,Bankstown NSW 2200,,24 hours ,39 660 541 560,,Drain cleaning; Tap installation; Tap repair; Waster disposal instllation; Waste disposal repair; Outdoor plumbing system repair; Plumbing leak detection; Sewer repair; Plumbing pipe repair; Shower installation; Shower repair; Toilet installation; Toilet repair; Water heater installation; Waer heater reapir; Bathroom renovator; Gutter cleaning; Plumbing fixture installation; Remodelling; Water fixture repair,
15,Sydney 247 Plumbing,,452515272,Plumbers ,,2200,Bankstown NSW 2200,,24 hours ,90 892 694 604,,Bathroom renovator; Plumbing; Gas Fitting ,
16,Auto King Mobile Mechanics,,1300291899,Car Mechanics,,2060,Sydney North shore NSW 2060,,7 am to 5 pm ,40 691 291 837,,Mobile Safety Certificates; Mobile Pre-purchase Inspections; Mobile Car servicing; Mobile car repairs ,
17,Northwest Car Care,,296517840,Car Mechanics,,2158,Unit 6/915 Old Northern Rd Dural NSW 2158,,9 am to 4 pm ,15 717 837 790,,Air and cabin filter replacement; Battery; Brake service & repair; Brakes; Electrical; Exhaust; Oil change; Tyres; Transmission; Wheel alignment ,
18,Blacktown Auto Services,,499910191,Car Mechanics,,2148,7 Chicago Avenue Blacktown NSW 2148,btownautoserv@internode.on.net,8 am to 6 pm ,14 071 026 223,,Air and cabin filter replacement; Air conditioning; Battery; Brakes; ElectricalOil change; Steering and suspension repair; TransmissionVehicle engine diagnostic; A/C installation and repair; Auto detailingAuto glass repair; Carburetor cleaning; Electrical repair; Engine repair; ExhaustGeneral repairs & maintenance; TyresVehicle engine tuning; Vehicle interior vacuuming; Wheel alignment; All Makes And Models; Blue Slips; Old VehiclesRegistration Renewals; Diesel mechanics; egr; dpf cleanDash cam and reverse cam installations; New and used vehicle ceramic coating; Vehicle Pre purchase inspection; Routine Maintenance; Services & Repairs; any repairs on isuzu;hino and mitsubishi trucks; brown slips; pink slips and blue slipstruck engine repairs and gearbox repairs,
19,Automotive Professionals,,296802244,Car Mechanics,,2154,3/10 Hudson Avenue castle Hill NSW 2154,autoprof@hotkey.net.au,8 am to 4.30 pm ,17 057 572 228,,Car servicing; Mechanical repairs; Registration Inspections; Four Wheel drive ; Brakes ,
20,North Sydney Automotive,,299552629,Car Mechanics,,2060,32 Clark road North Sydney NSW 2060,service@northsydneyauto.com.au,8 am to 5.30 pm ,,,Servicing; Brake replacement; Exhaust repairs; Rego Inspections; Steering & Suspension,
21,Em's Northshore Automotive,,299572559,Car Mechanics,,2060,66   72 Pacific Hwy North Sydney Entrance Via Bay 2 Middlemiss St. NSW 2060,workshop@quixspede.com,7.30 am to 6 pm ,61 092 262 274,,Fault finding and diagnostics; car Safety inspections; ECU tuning and remapping; Service and Repairs; Battery; Tyre Service; Car Wash and detailing; child seat restraint fitting service; registration inspection; Walnut blasting; On Car Carbon Clean; Off Car Fuel Injection; A/C Service and repairs; APR approved workshop; Electronic tuning; Major mechanical repairs; maintenance servicing; Super Car servicing ,
22,TT Professional Auto Service,,299290069,Car Mechanics,,2060,"Unit 100/116 Miller st, North Sydney NSW 2060",,,,,servicing ,
23,Southwest Automotive,,246264521,Car Mechanics,,2560,Unit 1 12 Watsford Rd Campbelltown NSW 2560, info@southwestautos.com.au,7 am to 5 pm ,46 638 806 569,,Logbook servicing; Europeon Car specialists; Autorised Child restraint fitting station; Brakes/Shock absorbers; Radiators &Cooling System; E-Safety Checks; Car Air Conditioning; Car Exhausts; Timing Belts; Waterpumps; New Car Batteries; Engine Management; Alternate and Starter Motors; Clutch Replacement; Fleet Work; Oil Leaks ,
24,Mobile car mechanic services,,424833431,Car Mechanics,,2200,Bankstown NSW 2200,,,,,Servicing ,
25,Equipt Mobile Mechanics,,404613747,Car Mechanics,,2137,Concord SYDNEY NSW 2137,info@equiptmobilemechanics.com.au,24 hours ,90 347 990 723,,Logbook servicing; Suspension & Brake repair; Transmission & Service repair; Full Diagnostic Service; Clutch Replacement; Roadside Breakdowns ,
26,Carpenters Northern Beaches,,415951873,Carpenters ,,2099,5 Tasman Street Dee Why NSW 2099,michael@carpenternorthernbeaches.com.au,8 am to 6 pm ,,,General carpentary and home repairs; Custom Cabinetry and storage solutions; Kitchen and Bathroom renovations; Timber flooring installations; Decks Pergolas and Outdoor Entertaiing Areas; Disabled Access & Mobility Modifications,
27,Northern Beaches Carpenters,,280958803,Carpenters ,,2100,6/2-4 William street Brookvale NSW 2100,,9 am to 5 pm ,34 156 111 143,,Custom carpentry services; Remodelling; Building; Carpentry; Carpentry & Building; Residential carpentry; Residential Construction ,
28,Core Carpentry & Building,,418627213,Carpenters ,,2102,Warriewood Mona Vale NSW 2102,,7 am to 5 pm ,47 274 585 937,,Custom carpentry services; Deck construction; Deck repair; Finish carpentry services; General carpentry and cabinetry services; Floor fittingInstallation; Remodelling; Building Decking; Building Work; Carpentry & Building; Carpentry Labor; Carpentry Work; CladdingFloor Installed; Framing; Framing Work; Hardwood Decking; Home Renovation; Plumbing; WorkRenovation; WorkRoof Framing; Small Renovation; Timber Flooring; Wall Frames; Deck Builder; Timber Decking,
29,SLR Constructions Carpentry,,413114201,Carpenters ,,2085,3 Wingara Grove Belrose NSW 2085,slrcons@optusnet.com.au,9 am to 5 pm ,90 513 524 882,40436,General carpentry; Decking Construction and Renovation; Renovations and refurbishments; Renovations to existing structures; Balcony Installations; Decking Installations; Detailed Workmanship; Simple modern designs,
30,Trim Carpenters Pty Ltd,,437193883,Carpenters ,,2093,Manly Vale 2093,peter@trimcarpenters.com.au,8 am to 5 pm ,54 627 431 252,,Heritage carpentry; Fine Carpentry; Construction; Design,
31,Advanced Craft Carpentry,,420313844,Carpenters ,,2033,Kensignton NSW 2033,info@advancedcraftconstruction.com.au,7 am to 5 pm ,43 706 132 886,207292C,Doors & Frames; Decking and handrails; Joinery; Kitchen & Bathroom Renovations; Timber Floors & Stairs; Termites; maintenance,
32,South Sea Carpentry,,426831876,Carpenters ,,2517,85 Stephen dr Woonona NSW 2517,,7 am to 5 pm ,,,Deck construction; Deck repair; Drywall installation; Exterior painting; Finish carpentry services; General carpentry and cabinetry services; Trim carpentry services; Composite decking; Deck builder; DeckingDoors; FlooringInternal fitout; Pergolas; Property maintenance; Renovations; Structural carpentry; Window installation; Wood decking,
33,Sydney Carpentry Group Pty Ltd,,420850850,Carpenters ,,2200,Bankstown NSW 2200,info@sydneycarpentrygroup.com.au.,9 am to 5 pm ,40 644 397 599,,Framing; Partition Walls ,
34,Joinery Masters Pty Ltd,,415913937,Carpenters ,,2200,Unit 1/5 Homedale Rd Bankstown NSW 2200,sales@joinerymasters.net,8 am to 4 pm ,34 607 672 097,,Joinery & Kitchen appliance renovation,
35,Scarelli Joinery Pty Ltd,,297916922,Carpenters ,,2200,7 Arkley St Bankstown NSW 2200,admin@scarellijoinery.com.au,7 am to 5 pm ,23 086 936 834,,Commercial Joinery; Residential Joinery; Carpentry ,
36,Patrick Walker Carpentry,,400184080,Carpenters ,,2769,Ivory St The Ponds NSW 2769,patrick@pwcarpentry.com.au,7 am to 5 pm ,55 101 234 746,,Custom carpentry services; Installation; Decking; Pergola; Timber Flooring; Fixouts; Doors; Gates; BBQ Area; Cabinets Installing also all other carpentry works; Home projects ,
37,Pure Carpentry,,450523206,Carpenters ,,2097,Collaroy,,9 am to 5 pm ,98 205 564 220,,Furniture assembly; Installation; Carpentry Glenhaven; Decking Glenhaven; Fitouts Glenhaven; Handyman Glenhaven; Pergolas Glenhaven,
38,Finesse Carpentry and Renovations,,490389447,Carpenters ,,2769,Ponds NSW 2769,,7 am to 5.30 pm ,81 636 114 184,,architectural joinery; bathrooms; carpentry; concreting; custom furniture; decks; drawing plans; extensions; feature walls; floating shelves; gyprock; kitchens; maintenace; outdoor entertainment; outdoor living; pergolas; planning; plasterboard; renovations; repair; roofing; tiling,
39,Plateau Electrical,,299828668,Electricians ,,2097,78 Claudare St Collaroy Plateau NSW 2097,info@plateauelectrical.com.au,24 hours ,33 132 456 599,,Fault Finding & Switchboard Upgrades; LED & Halogen Downlights; Ceiling Fan Installation & Replacement; Smoke Alarm Installation & Replacement; Pool Lights Installation & RepairsTV Wall Mounting; Underfloor Ventilation Fans; Dimmer Switch Installation,
40,ALL Electrical Plus,,1300350632,Electricians ,,2100,4 Kadigal Pl Beacon Hill NSW 2100,info@allelectricalplus.com.au,24 hours ,45 629 033 834,,Residential; Commercial; Solar; Switchboard Installation; Data Cabling; Security Camera Installation; EV Charger,
41,Hello Electrical,,1300303077,Electricians ,,2085,27/19 Narabang Way Belrose NSW 2085,info@helloelectrical.com.au,24 hours ,65 638 317 334,,Electrical repars; Electrical manintenance; Electrical installation; Electrical inspections; Electrical upgrades; Electrical fault finding; Electrical fitouts; 3 phase power installation; Power pole installation; Switchboard services; Consumer mains power seervices; Electricity meter services; Power; Lighting; Safety & security; Data; TV& commucications; Appliances & heating ,
42,Northern Beaches Electrical,,410421780,Electricians ,,2099,20/1-7 Boronia Street Dee Why NSW 2099,info@northernbeacheselectrical.com.au,24 hours ,33 886 714 976,,General Light and Power Installations; Garden lighting and public area lighting; Stove & Over Fan and Element replacemnets; Electrical requirements for Commercial Air conditioning systems; Consumer Mians upgrades; Hot Water Elements and thormostats replaced; Data and telephone point installations; Pool and Spa electrical requirements; Pay TV and Free to Air TV Cabling; Emergency Lighting Installations and Audits and Maintenance; Earth Leakage Safety Switches; Commercial Rain Water Tanks; Borepumps;Control Panel Supply and Installations; Swtitchboard Upgrades and installation; Test and Tagging of appliances; fire and smoke detectors; Intercoms; Floor heating supply and controls C-Bus Automation systems,
43,NZM Electrical Services,,405070107,Electricians ,,2131,Ashfield NSW 2131,info@nzmelectrical.com.au,24 hours ,48 924 049 493,,Residential electrician; Comercial electrician; Industrial electrician; Power point installation; Light installation; Free Electrical quote; fault finding; Switchboard upgardes; smoke alarm installation; 24 hour emergency electrician; Tesla Wall Connector installation; EV Charger installation ,
44,Bankstown Auto Electrics,,297964665,Electricians ,,2200,119 Canterbury Road Bankstown NSW 2200,,8 am to 5.30 pm ,87 063 633 367,,Auto electrical repairs; Starter motor repairs; Alternator repairs; batteries; Air conditioning service/re-gas ,
45,Proud Bako Electrical and Solar services Pty Ltd,,478700570,Electricians ,,2200,Shop 17/83-99 North Terrace Bankstown NSW 2200,info@proudbakoelectrical.com,24 hours ,63 645 517 479,,Electrical; Electrical repairs; New home installation; Solar panel installation; solar panel maintenance; switchboard and power points,
46,Justine,,61415214288,electrician,,2173,,,,,,,
47,Neil Sanders,,61416263261,plumber,,2172,,,,,,,
48,Chris,,61410679877,electrician,,2173,,,,,,,
49,Peter,,61409715714,plumber,,2173,,,,,,,
50,Poo,,61417271270,plumber,,2173,,,,,,,
51,Surya Glass mirror,,61481834897,glazier,,2173,,,,,,,
52,Jay Hybrid,,61432485134,flooring,,2165,,,,,,,
53,MBR Home Improvements,Manish,61410435874,decking,,2153,,,,,,,
54,Yilmiz Downlights,,61416614435,electrician,,2223,,,,,,,
55,Veysel,,61414610589,plumber,,2223,,,,,,,
56,Matt,,61410333993,plumber,,2223,,,,,,,
57,NSW Solar Hub,Mani Shankar,61412350293,solar,,2570,46 Holden Dr; Oran Park NSW 2570,accounts@nswsolarhub.com.au,,14650793178,,,
58,King Red Pest Control, Adam or Mark,+61414643040,pest control,,2155,Kellyville NSW 2155,office@krpestcontrol.com.au,,84 615 686 078,,,
59,David Lynch Pest Control, David Lynch,+61421963093,pest control,,2155,53 Wilkins Ave,,,,,,
60,Plumber for 153 Farnham,,+61412410307,plumber,,2820,,,,,,,
61,Golden Cleaner,Lily,+61434822664,cleaner,,2153,,cleanerinsydney@hotmail.com,,,,,
62,Dilsher Aol,,+61404471524,carpenter,,2762,Schofields,,,,,,
63,Gurpreet Carpenter,,+61404648512,carpenter,,2762,,,,,,,
64,Good Cheap Fast,Niral,+61433696901,carpenter,,2762,,,,,,,
65,Sameer Carpenter,,+61457524802,carpenter,,2762,,,,,,,
66,Trevor,,+61411316745,tradie,,2762,,,,,,,
67,Wrights Plumbing,Nathan,+61466829704,plumber,,2762,,,,,,,
68,Electrician,,+61420102139,electrician,,2762,,,,,,,
69,Majestic Plumbing Services,,+61410100144,plumber,,2153,,majesticplumbingservices@hotmail.com,,59 644 258 284,359784C,,
69,Western Syndey Plumber,,+61489908524,plumber,,2762,,,,,269464C,,
70,Water On Plumbing,John,+61421045845,plumber,,2763,,,,14 243 609 526,,,
71,Khurshid,Khurshid,+61470453001,plumber,,2762,,,,,,,
72,Mario Carpenter,Mario,+61419016834,carpenter,,2762,,,,,,,
73,Timeless plumbing,,+61411217174,plumbing,,2045, 211A Liverpool Rd Haberfield NSW 2045,,,,,,
74,The Local Electrician,,+61483900350,electrician,,2762,,,,,324518C,,
75,Service Heroes,,+61480030122,electrician,,2762,,,,,,,
76,Emergency Plumber,,+61411217174,plumber,,2762,,,,,309598C,,
77,Spinner's,,1300774663,tradie,,2762,,,,,,,
78,Sydney Drain Doctor,,1300359988,plumber,,2040,20 Marlborough St Leichhardt New South Wales 2040 Australia,,,,,,
79,Air Tight Seals,Frdige Door Seals,+61436447325,doors,,2762,,,,,,,
80,OB Plumb,Jim O'Brien,+61499418867,plumber,,2762,,,,,,,
81,Hello Plumbing,,1300303055,plumber,,2085,27/19 Narabang Way Belrose NSW 2085,info@helloplumbing.com.au,7 am to 3 pm,57 800 680 621,,,
82,Ryan Gardening,,+61450603135,Gardening,,2765,,,,,,,
83,Michael Bathroom Renovation,Michale Antoun,+61419426834,Bathroom,,2173,,,,,,,
84,Quickset Plumbing,Abdul Rahmat,+61452206952,plumber,,2143,124 Cooper Rd Birrong NSW 2143,,,71 865 044 218,313116c,,
85,Mangesh Shinde,,+61430478780,electrician,,2173,,,,,,,
86,Suresh Londhe,,+61473733733,electrician,,2173,,,,,,,
87,Vasun Singh,,+61405163916,landscaper,,2173,,,,,,,
88,Anthony Moujalli,,+61413066086,gas,,2173,,,,,,,
89,Daniel Concrete Work,,+61447466666,concreting,,2173,,,,,,,
90,BC Gardening & Lawn Mowing,,+61416104699,Gardening,,2173,,,,,,,
91,Willian Lawn Mower,,+61473527928,Lawn Mowing,,2173,,,,,,,
92,Osama,,+61415913937,carpenter,,2173,,,,,,,
93,Bismilah Ibraheem,,+61426915431,tiler,,2173,,,,,,,
94,Abdula,,+61416216111,tiler,,2173,,,,,,,
95,Lee Kitchen,,+61426897373,Kitchen,,2173,,,,,,,
96,Shepherd Plumbing,,+61434406799,plumber,,2173,,,,,,,
97,Peter Pergola,,+61452234357,Pergola,,2173,,,,,,,
98,Rick Concreter,,+61418402080,Concreter,,2173,,,,,,,
99,Sarj,,+61418652577,pool,,2173,,,,,,,
100,Hieu Huy,,+61458937034,Concreter,,2564,,,,,,,
101,Beau Concreter,,+61422153647,Concreter,,2564,,,,,,,
102,Armany Concreter,,+61402960319,Concreter,,2564,,,,,,,
103,TVC Concreting,Cuong,+61414898133,Concreter,,2564,,,,,,,
104,Kevin Concreting,Kevin,+61412142396,Concreter,,2564,,,,,,,
105,Arvind Electrical,Arvind,+61425237444,electrician,,2564,,,,,,,
106,Mike Electrical,Mike,+61415588331,electrician,,2564,,,,,,,
107,Auto Electrician,Hicmet,+61405315457,car mechanic,,2564,,,,,,,
108,Patrick,,+61437632416,plumber,,2564,,,,,,,
109,Philip Lum,,+61412818344,plumber,,2564,,,,,,,
110,Mike,,+61431728640,plumber,,2564,,,,,,,
111,Sunroof restoration,,+61411674607,sunroof,,2564,,,,,,,
112,Austral Roofing,Kyle,+61484199625,roofing,,2564,,,,,,,
113,Slavko Milic,,+61407903414,roofing,,2564,,,,,,,
114,Ali Tiler,,+61413263630,tiler,,2564,,,,,,,
115,Sydney Landscaping,Kannan,+61434641141,landscaper,,2564,,,,,,,
116,Steve Lancaster,,+61409705764,landscaper,,2315,,,,,,,
117,Payless Mechanical,Jack Shaker,+61896187255,car mechanic,,2315,,,,,,,
118,Nu-Mech Automotive Service,Steven Lo,+61401745143,car mechanic,,2170,Unit 21/7 Lyn Parade Prestons NSW 2170,,,,,,
119,Osama Aircon Mech,,+61426257642,car mechanic,,2564,,,,,,,
120,Multi Tree and Garden Services,Ned,0404044984,Arborist,Tree removal assessments,2141,Lidcombe NSW, multitreeservices@gmail.com,,95 237 686 419,,,
121,Northern Beaches Arborist,Sebastian,0423914950,Arborist,,2100,3 Bindi Place Beacon Hill,info@northernbeachesarborist.com.au,,49372186740,,Tree Removal,
122,Hopping Service Centre,,02 9638 5777,Gardening Equipment Repairs, Lawnmower Repairs,2116,251 Victoria Rd Rydalmere,hhoping@bigpond.net.au,,79000827529,,Lawnmower repairs,
123,Spannenberg and Son,Ben,0418455770,Home Extension Builder,,2107,145 Avalon Parade Avalon Beach,ben@spannenberg.com.au,,61000881292,8195,Home extension builder,
124,Raj Bathala,,+61416946638,handyman,,2769,,,,,,,
125,Aussie Seal Garage Door,,+61460776210,Garage door,,2769,,,,,,,
126,Koban,,+61414597770,car mechanic,,2769,,,,,,,
127,Abdul,,+61451500155,plumber,,2170,,,,,,,
128,Shepherd Plumbing,,+61434406799,plumber,,2170,,,,,,,
129,Chris Marvin,,+61410679877,electrician,,2170,,,,,,,
130,Kannan Painting,Kannan,+61451995872,painter,,2145,,,,,,,
131,Neim Security Cameras,Neim,+61481206619,security cameras,,2145,,,,,,,
132,AL Security Alamrs,AL,+61402682157,security cameras,,2564,,,,,,,
133,Supreme Car,Alex,+61296078096,car mechanic,,2564,,,,,,,
134,Simon,,+61450554613,Flooring,,2570,,,,,,,
135,Snake catcher,,+61455570000,Snake Catcher,,2570,,,,,,,
136,Roof spray,,+61449574169,Roofer,,2570,,,,,,,
137,pest control,,+61476856078,Pest Control,,2570,,,,,,,
138,Chen,,+61422873296,Painter,,2570,,,,,,,
139,Mark,,+61433033084,Painter,,2570,,,,,,,
140,Marco,,+61419518547,Electrician,,2570,,,,,,,
141,Joey,,+61415559994,Glazier,,2570,,,,,,,
142,He,,+61405202866,Gyprock,,2570,,,,,,,
143,Sebastian Bass,,+61450005809,Electrician,,2070,,,,,,,
144,Ray,,+61431846755,Pest Control,,2070,,,,,,,
145,Jack Deng,,+61294889034,Dentist,,2070,,,,,,,
146,Daniel Petrowski,,+61405415843,Builder Inspector,,2070,,,,,,,
147,Howard,,+61418259838,handyman,,2070,,,,,,,
148,Michael,,12341234,Tiler,,2070,,,,,,,
149,Podiatrist,,980-819-66,Podiatrist,,2070,,,,,,,
150,Tham,,+61431644319,Pergola,,2070,,,,,,,
151,Tom & Sarah Zeng,,+61431644319,Landscaper,,2070,,,,,,,
152,Todd Tree Service,Jeremy,+61422195889,Tree looper,,2763,,,,,,,
153,Jason Antenna,Jason,+61410684160,TV,,2763,,,,,,,
154,Satnam Handyman,Satnam,+61433209031,handyman,,2763,,,,,,,
155,Pratik,,+61433880545,solar,,2763,,,,,,,
156,Swish Plumbing,Matt,+61402547293,plumbing,,2763,,,,,,,
157,Plumbmaster,Damien Palona,+61430054007,plumbing,,2763,Marayong,,,,,,
158,Darren,,+61406785338,plumbing,,2763,,,,,,,
159,George,,+61424726979,plumbing,,2763,,,,,,,
160,Brandon,,+61420554724,plumbing,,2763,,,,,,,
161,Kim,,+61481171113,plumbing,,2763,,,,,,,
162,Todd Warner,,+61410492015,plumbing,,2763,,,,,,,
163,Dean Marsh,,+61466568741,electrician,,2763,,,,,,,
164,Raj,,+61400886961,electrician,,2763,,,,,,,
165,Knorr Bremse,Kumar,+61425199522,aircon,,2763,,,,,,,
166,Joe Lawn mowing,Joe,+61412388077,lawn mowing,,2763,,,,,,,
166,Mark,,+61411459609,lawn mowing,,2763,,,,,,,
167,Guy,,+61452433233,lawn mowing,,2763,,,,,,,
168,Michael,,+61423117728,lawn mowing,,2763,,,,,,,
169,Aaron,,+61425267524,electrician,,2179,,,,,,,
170,Harry,,+61426280744,landscaper,,2179,,,,,,,
171,Liem,,+61424033352,plumber,,2179,,,,,,,
172,Wattle Grove Aircon,,+61291191034,aircon,,2173,,,,,,,
173,Champion Auto,,+61414658900,car mechanic,,2173,,,,,,,
174,Wendy Bathroom Hire,,+61419205919,bathroom,,2173,,,,,,,
175,Joy Architect,,+919447181802,architect,,2173,,,,,,,
176,Bing Gas Stove,,+61404472388,gas,,2173,,,,,,,
177,Edcon Steel,,1300233266,steel,,2148,Blacktown,,,,,,
178,James Cleaner,,+61469031663,cleaner,,2173,,,,,,,
179,Samy Cleaner,,+61414798026,cleaner,,2173,,,,,,,
180,Central Airconditioning,,+61296006955,aircon,,2173,,,,,,,
181,HSM Pest Control,,+61450246235,pest control,,2173,,,,,,,
182,Paul,,+61434616388,electrician,,2173,,,,,,,
183,ANH,Arul Naidu,+61430959907,builder,,2173,,,,,,,
184,Darryl,,+61417682645,builder,,2173,,,,,,,
185,Grant Fin,,+61437399234,builder,,2173,,,,,,,
186,Caitlin,,+61296460693,physio,,2173,,,,,,,
187,Kurt,,+61297254001,car mechanic,,2173,,,,,,,
188,Anthony,,+61470292395,carpenter,,2173,,,,,,,
189,Adam Steve,,+61296445974,car mechanic,,2173,,,,,,,
190,Asha Catering,,+61412378050,catering,,2173,,,,,,,
191,Tony,,+61421853312,electrician,,2173,,,,,,,
192,Liju,,+61469841693,electrician,,2173,,,,,,,
193,Mahesh,,+61414914919,electrician,,2173,,,,,,,
194,Sydney Fire Extinguisher,Shaun,+61416364150,fire extinguisher,,2173,,,,,,,
195,Jacob,,+61413890510,flooring,,2173,,,,,,,
196,Thileepan,,+61452399254,flooring,,2173,,,,,,,
197,Garden shed,,+61499000955,garden shed,,2173,,,,,,,
198,Ryan,,+61403568747,lawn mower,,2173,,,,,,,
199,Johnny,,+61427277168,car mechanic,,2170,,,,,,,
200,Navdeep,,+61212012456,car mechanic,,2170,,,,,,,
201,Angelo,,+61422292582,lawn mower,,2173,,,,,,,
202,Reji,,+61421746270,electrician,,2173,,,,,,,
203,David Smash Repairs,,+61475884743,smash repairer,,2760,,,,,,,
204,Wattle Grove Cleaners,David,+61430486132,cleaner,,2173,,,,,,,